"amphur_ID","poor.household.CNT","poor.JPT.CNT","poor.JPT.MOFreg.CNT","poor.JPT.MOFval.CNT","poor.JPT.MOFval.health","poor.JPT.MOFval.living","poor.JPT.MOFval.education","poor.JPT.MOFval.income","poor.JPT.MOFval.accessibility","JPT.MOFval.pov.rate","poor.JPT.MOFval.ind1.CNT","poor.JPT.MOFval.ind2.CNT","poor.JPT.MOFval.ind3.CNT","poor.JPT.MOFval.ind4.CNT","poor.JPT.MOFval.ind5.CNT","poor.JPT.MOFval.ind6.CNT","poor.JPT.MOFval.ind7.CNT","poor.JPT.MOFval.ind8.CNT","poor.JPT.MOFval.ind9.CNT","poor.JPT.MOFval.ind10.CNT","poor.JPT.MOFval.ind11.CNT","poor.JPT.MOFval.ind12.CNT","poor.JPT.MOFval.ind13.CNT","poor.JPT.MOFval.ind14.CNT","poor.JPT.MOFval.ind15.CNT","poor.JPT.MOFval.ind16.CNT","poor.JPT.MOFval.ind17.CNT","poor.JPT.MOFval.ind18.CNT","poor.JPT.MOFval.ind19.CNT","poor.JPT.MOFval.ind20.CNT","poor.JPT.MOFval.ind21.CNT","poor.JPT.MOFval.ind22.CNT","poor.JPT.MOFval.ind23.CNT","poor.JPT.MOFval.ind24.CNT","poor.JPT.MOFval.ind25.CNT","poor.JPT.MOFval.ind26.CNT","poor.JPT.MOFval.ind27.CNT","poor.JPT.MOFval.ind28.CNT","poor.JPT.MOFval.ind29.CNT","poor.JPT.MOFval.ind30.CNT","poor.JPT.MOFval.ind31.CNT","province_ID"
6401,1400,4408,1564,1251,0,261,236,808,0,2.12744247742462,0,0,0,43,41,18,27,13,0,2,253,34,40,1,1,104,6,0,131,102,536,227,170,279,302,85,2,0,0,14,62,"64"
6402,914,2969,1002,868,0,545,63,310,0,2.97351923538077,0,0,0,81,379,8,9,20,19,21,520,70,42,2,0,16,6,0,41,82,231,20,76,315,350,50,12,0,1,25,105,"64"
6403,3069,10192,3589,2753,0,1329,856,992,0,6.88732112478735,3,0,0,26,150,78,48,36,10,22,1303,48,105,1,0,585,7,0,279,309,713,68,230,1034,1147,47,4,3,0,9,116,"64"
6404,1395,4261,1761,1299,0,218,105,1062,0,2.8914858096828,0,0,1,36,66,35,73,30,3,0,192,3,50,6,1,12,6,0,86,199,712,264,142,334,289,71,4,0,0,28,14,"64"
6405,2961,8976,3355,2634,0,492,1065,1240,0,4.47814481715092,0,0,2,268,96,39,47,17,19,22,461,62,104,8,2,903,9,0,166,194,1008,104,398,1139,795,26,2,0,0,8,4,"64"
6406,3830,11523,4112,3253,0,1660,657,1367,0,6.71746582414406,9,8,0,1084,522,1295,129,37,49,156,1566,124,406,2,16,425,11,0,216,336,984,210,438,1296,1322,333,1,3,0,38,99,"64"
6407,1233,3680,1486,1108,0,295,115,786,0,2.07184128349446,2,4,0,17,56,76,21,44,85,90,171,30,19,0,0,21,7,0,87,179,587,87,95,360,352,20,0,0,0,10,35,"64"
6408,146,411,193,148,0,0,0,148,0,0.822130874347295,0,0,0,0,0,0,0,0,0,0,0,0,0,0,0,0,0,0,0,14,53,93,7,23,28,0,0,0,0,0,0,"64"
6409,976,2781,1466,1125,0,155,245,798,0,4.31646395272992,0,0,0,49,73,67,48,11,5,3,143,0,28,2,0,190,3,0,54,150,634,74,91,377,429,12,0,0,0,1,38,"64"
