"amphur_ID","poor.household.CNT","poor.JPT.CNT","poor.JPT.MOFreg.CNT","poor.JPT.MOFval.CNT","poor.JPT.MOFval.health","poor.JPT.MOFval.living","poor.JPT.MOFval.education","poor.JPT.MOFval.income","poor.JPT.MOFval.accessibility","JPT.MOFval.pov.rate","poor.JPT.MOFval.ind1.CNT","poor.JPT.MOFval.ind2.CNT","poor.JPT.MOFval.ind3.CNT","poor.JPT.MOFval.ind4.CNT","poor.JPT.MOFval.ind5.CNT","poor.JPT.MOFval.ind6.CNT","poor.JPT.MOFval.ind7.CNT","poor.JPT.MOFval.ind8.CNT","poor.JPT.MOFval.ind9.CNT","poor.JPT.MOFval.ind10.CNT","poor.JPT.MOFval.ind11.CNT","poor.JPT.MOFval.ind12.CNT","poor.JPT.MOFval.ind13.CNT","poor.JPT.MOFval.ind14.CNT","poor.JPT.MOFval.ind15.CNT","poor.JPT.MOFval.ind16.CNT","poor.JPT.MOFval.ind17.CNT","poor.JPT.MOFval.ind18.CNT","poor.JPT.MOFval.ind19.CNT","poor.JPT.MOFval.ind20.CNT","poor.JPT.MOFval.ind21.CNT","poor.JPT.MOFval.ind22.CNT","poor.JPT.MOFval.ind23.CNT","poor.JPT.MOFval.ind24.CNT","poor.JPT.MOFval.ind25.CNT","poor.JPT.MOFval.ind26.CNT","poor.JPT.MOFval.ind27.CNT","poor.JPT.MOFval.ind28.CNT","poor.JPT.MOFval.ind29.CNT","poor.JPT.MOFval.ind30.CNT","poor.JPT.MOFval.ind31.CNT","province_ID"
6501,2534,9190,2051,1642,645,0,1028,0,0,1.17783771376105,0,1,0,19,72,266,563,4,0,0,80,25,49,6,7,883,7,0,142,142,231,142,380,376,345,78,2,0,1,86,114,"65"
6502,1692,5891,2142,1746,701,0,1079,0,0,3.27948910593539,0,0,0,164,432,232,213,16,48,16,354,11,113,5,0,832,12,0,266,111,160,42,224,586,580,114,1,1,0,1,4,"65"
6503,369,1410,600,529,180,0,359,0,0,1.76787086856264,0,0,0,104,60,308,32,1,1,0,37,4,68,0,0,191,11,0,164,13,57,19,22,241,238,1,0,0,0,4,1,"65"
6504,2558,7387,2382,1907,1648,0,303,0,0,2.80895566357343,0,2,0,848,486,249,404,6,1,1,272,32,49,1,2,20,16,0,265,152,328,33,290,667,707,90,3,0,0,9,31,"65"
6505,1030,3026,1155,831,546,0,326,0,0,2.78252134605726,0,4,0,229,227,503,155,16,14,14,184,62,121,0,2,147,9,0,172,103,181,9,217,306,281,89,0,0,0,30,89,"65"
6506,957,2920,858,638,464,0,206,0,0,1.05721908297016,3,7,0,30,205,331,258,8,0,0,107,11,49,0,1,95,7,0,108,46,63,10,47,205,208,74,0,0,0,14,6,"65"
6507,183,481,209,142,128,0,14,0,0,0.552271313005601,0,0,0,119,2,44,8,0,0,0,1,0,0,0,0,2,2,0,10,3,2,1,0,27,24,4,0,0,0,0,0,"65"
6508,1964,6780,2252,1849,780,0,1134,0,0,2.62780154342481,3,2,0,198,458,337,279,38,59,58,457,96,86,6,20,736,15,0,385,166,239,43,319,599,610,254,7,8,0,73,63,"65"
6509,1638,4568,1964,1750,1262,0,572,0,0,5.44069640914037,0,13,0,725,659,1218,284,493,4,4,989,270,256,2,5,325,5,3,244,101,319,16,233,656,636,83,0,9,0,15,347,"65"
