"amphur_ID","poor.household.CNT","poor.JPT.CNT","poor.JPT.MOFreg.CNT","poor.JPT.MOFval.CNT","poor.JPT.MOFval.health","poor.JPT.MOFval.living","poor.JPT.MOFval.education","poor.JPT.MOFval.income","poor.JPT.MOFval.accessibility","JPT.MOFval.pov.rate","poor.JPT.MOFval.ind1.CNT","poor.JPT.MOFval.ind2.CNT","poor.JPT.MOFval.ind3.CNT","poor.JPT.MOFval.ind4.CNT","poor.JPT.MOFval.ind5.CNT","poor.JPT.MOFval.ind6.CNT","poor.JPT.MOFval.ind7.CNT","poor.JPT.MOFval.ind8.CNT","poor.JPT.MOFval.ind9.CNT","poor.JPT.MOFval.ind10.CNT","poor.JPT.MOFval.ind11.CNT","poor.JPT.MOFval.ind12.CNT","poor.JPT.MOFval.ind13.CNT","poor.JPT.MOFval.ind14.CNT","poor.JPT.MOFval.ind15.CNT","poor.JPT.MOFval.ind16.CNT","poor.JPT.MOFval.ind17.CNT","poor.JPT.MOFval.ind18.CNT","poor.JPT.MOFval.ind19.CNT","poor.JPT.MOFval.ind20.CNT","poor.JPT.MOFval.ind21.CNT","poor.JPT.MOFval.ind22.CNT","poor.JPT.MOFval.ind23.CNT","poor.JPT.MOFval.ind24.CNT","poor.JPT.MOFval.ind25.CNT","poor.JPT.MOFval.ind26.CNT","poor.JPT.MOFval.ind27.CNT","poor.JPT.MOFval.ind28.CNT","poor.JPT.MOFval.ind29.CNT","poor.JPT.MOFval.ind30.CNT","poor.JPT.MOFval.ind31.CNT","province_ID"
6301,4028,14267,4260,3464,0,0,1495,2284,0,5.26235833865038,2,4,2,102,487,1159,167,415,107,122,571,52,250,24,6,1151,10,0,359,861,1246,737,1510,1305,1141,273,28,8,18,121,304,"63"
6302,1356,4957,2009,1443,0,0,590,917,0,4.72634371622286,0,0,0,7,11,253,28,2,0,0,7,0,3,0,0,507,0,0,90,231,737,21,256,406,392,12,0,0,0,3,8,"63"
6303,666,2444,757,608,0,0,382,256,0,2.75212746695636,0,0,0,10,47,54,11,16,4,2,102,0,25,0,0,325,3,0,61,82,192,1,324,194,244,9,0,0,0,1,20,"63"
6304,996,3721,948,842,0,0,579,283,0,2.56332196785192,0,0,0,0,0,6,1,0,0,0,0,0,2,0,0,374,3,0,225,30,247,19,435,73,65,0,0,0,0,0,1,"63"
6305,4144,14813,5246,5008,0,0,4899,216,0,13.6800699300699,0,0,0,1216,590,1227,256,153,618,12,1146,7,657,5,0,1485,5,0,3932,68,150,15,2056,2042,2308,16,0,1,0,3,16,"63"
6306,2152,7761,1765,1498,0,0,784,799,0,1.980381269665,0,0,0,9,26,148,18,7,1,0,51,31,46,3,0,613,0,0,183,245,533,111,332,432,425,39,0,0,0,18,30,"63"
6307,2525,10219,2571,2388,0,0,2064,584,0,7.31752160323589,0,2,0,186,352,865,41,278,103,109,652,101,231,16,23,613,13,0,1629,308,339,0,970,629,826,156,6,2,0,7,72,"63"
6308,1386,6036,1922,1799,0,0,1712,272,0,9.69811320754717,1,0,3,83,312,193,15,187,4,0,628,44,263,4,5,795,2,0,1100,182,131,8,751,520,881,104,2,0,0,21,67,"63"
6309,521,2131,667,610,0,0,379,270,0,3.36329051110989,0,0,0,33,26,80,7,98,2,2,79,2,47,1,0,224,0,0,175,76,205,0,314,174,215,4,0,0,0,0,10,"63"
