"amphur_ID","poor.household.CNT","poor.JPT.CNT","poor.JPT.MOFreg.CNT","poor.JPT.MOFval.CNT","poor.JPT.MOFval.health","poor.JPT.MOFval.living","poor.JPT.MOFval.education","poor.JPT.MOFval.income","poor.JPT.MOFval.accessibility","JPT.MOFval.pov.rate","poor.JPT.MOFval.ind1.CNT","poor.JPT.MOFval.ind2.CNT","poor.JPT.MOFval.ind3.CNT","poor.JPT.MOFval.ind4.CNT","poor.JPT.MOFval.ind5.CNT","poor.JPT.MOFval.ind6.CNT","poor.JPT.MOFval.ind7.CNT","poor.JPT.MOFval.ind8.CNT","poor.JPT.MOFval.ind9.CNT","poor.JPT.MOFval.ind10.CNT","poor.JPT.MOFval.ind11.CNT","poor.JPT.MOFval.ind12.CNT","poor.JPT.MOFval.ind13.CNT","poor.JPT.MOFval.ind14.CNT","poor.JPT.MOFval.ind15.CNT","poor.JPT.MOFval.ind16.CNT","poor.JPT.MOFval.ind17.CNT","poor.JPT.MOFval.ind18.CNT","poor.JPT.MOFval.ind19.CNT","poor.JPT.MOFval.ind20.CNT","poor.JPT.MOFval.ind21.CNT","poor.JPT.MOFval.ind22.CNT","poor.JPT.MOFval.ind23.CNT","poor.JPT.MOFval.ind24.CNT","poor.JPT.MOFval.ind25.CNT","poor.JPT.MOFval.ind26.CNT","poor.JPT.MOFval.ind27.CNT","poor.JPT.MOFval.ind28.CNT","poor.JPT.MOFval.ind29.CNT","poor.JPT.MOFval.ind30.CNT","poor.JPT.MOFval.ind31.CNT","province_ID"
6501,1934,5411,1269,1015,645,421,0,0,0,0.728078732927809,0,3,0,19,72,293,563,19,1,3,403,28,126,1,0,39,3,0,21,88,212,95,228,280,254,67,2,0,1,85,73,"65"
6502,1465,3936,1553,1228,701,826,0,0,0,2.30653643876784,0,1,0,164,432,121,213,78,75,54,729,23,142,6,0,69,3,0,50,52,110,41,249,490,494,109,0,1,0,3,4,"65"
6503,233,710,345,306,180,146,0,0,0,1.02262473682452,0,0,0,104,60,222,32,10,3,1,140,2,77,0,0,19,3,0,9,9,46,20,18,153,157,1,0,0,0,0,0,"65"
6504,3800,11169,3413,2714,1648,1308,0,0,0,3.99764324642805,0,2,0,848,486,314,404,18,2,1,1292,52,62,1,1,4,6,0,67,124,444,41,427,853,946,73,1,0,0,16,68,"65"
6505,1613,4559,1751,1216,546,816,0,0,0,4.07165578436297,0,5,0,229,227,777,155,65,81,87,710,192,175,0,0,27,3,0,65,125,282,13,310,454,382,86,0,0,0,36,156,"65"
6506,1097,3118,876,647,464,282,0,0,0,1.07213283178948,3,7,0,30,205,355,258,20,7,0,267,29,72,1,0,14,4,0,31,38,68,11,45,212,189,91,0,0,0,17,9,"65"
6507,181,473,203,135,128,8,0,0,0,0.525046670815184,0,0,0,119,2,40,8,1,0,0,7,0,0,0,0,0,0,0,0,0,0,1,0,24,21,4,0,0,0,0,0,"65"
6508,3200,9072,3365,2650,780,2222,0,0,0,3.76618393189603,3,7,0,198,458,453,279,255,126,126,1993,176,232,13,7,81,6,0,104,143,330,59,659,800,877,304,8,5,1,135,99,"65"
6509,5140,12537,5615,4847,1262,4596,0,0,0,15.0691745686305,0,21,0,725,659,2734,284,2967,15,12,2201,341,311,7,2,71,2,3,109,149,367,65,1124,1758,1512,136,3,9,0,29,373,"65"
