"amphur_ID","poor.household.CNT","poor.JPT.CNT","poor.JPT.MOFreg.CNT","poor.JPT.MOFval.CNT","poor.JPT.MOFval.health","poor.JPT.MOFval.living","poor.JPT.MOFval.education","poor.JPT.MOFval.income","poor.JPT.MOFval.accessibility","JPT.MOFval.pov.rate","poor.JPT.MOFval.ind1.CNT","poor.JPT.MOFval.ind2.CNT","poor.JPT.MOFval.ind3.CNT","poor.JPT.MOFval.ind4.CNT","poor.JPT.MOFval.ind5.CNT","poor.JPT.MOFval.ind6.CNT","poor.JPT.MOFval.ind7.CNT","poor.JPT.MOFval.ind8.CNT","poor.JPT.MOFval.ind9.CNT","poor.JPT.MOFval.ind10.CNT","poor.JPT.MOFval.ind11.CNT","poor.JPT.MOFval.ind12.CNT","poor.JPT.MOFval.ind13.CNT","poor.JPT.MOFval.ind14.CNT","poor.JPT.MOFval.ind15.CNT","poor.JPT.MOFval.ind16.CNT","poor.JPT.MOFval.ind17.CNT","poor.JPT.MOFval.ind18.CNT","poor.JPT.MOFval.ind19.CNT","poor.JPT.MOFval.ind20.CNT","poor.JPT.MOFval.ind21.CNT","poor.JPT.MOFval.ind22.CNT","poor.JPT.MOFval.ind23.CNT","poor.JPT.MOFval.ind24.CNT","poor.JPT.MOFval.ind25.CNT","poor.JPT.MOFval.ind26.CNT","poor.JPT.MOFval.ind27.CNT","poor.JPT.MOFval.ind28.CNT","poor.JPT.MOFval.ind29.CNT","poor.JPT.MOFval.ind30.CNT","poor.JPT.MOFval.ind31.CNT","province_ID"
6301,5349,16792,5446,4270,0,2489,0,2284,0,6.48679852945645,2,4,2,182,898,1809,186,766,692,781,1434,110,330,37,5,385,5,0,289,861,1246,737,1708,1676,1449,391,30,8,18,130,445,"63"
6302,880,2743,1316,924,0,16,0,917,0,3.02643215092856,0,0,0,8,10,193,28,3,0,0,13,0,3,0,0,47,0,0,19,231,737,21,129,279,277,11,0,0,0,3,8,"63"
6303,850,2535,708,567,0,396,0,256,0,2.56653992395437,0,0,0,24,116,59,15,28,7,3,379,0,41,1,0,23,2,0,37,82,192,1,317,230,278,5,0,0,0,2,56,"63"
6304,378,1138,364,283,0,0,0,283,0,0.861544081831466,0,0,0,0,0,6,1,0,0,0,0,0,0,0,0,16,0,0,4,30,247,19,104,39,46,0,0,0,0,0,1,"63"
6305,1647,4650,2069,1952,0,1822,0,216,0,5.33216783216783,0,0,0,1588,910,1434,77,166,772,14,1662,8,1018,5,0,198,5,0,1230,68,150,15,118,1320,1360,14,0,5,0,2,17,"63"
6306,1916,5381,1473,1224,0,453,0,799,0,1.61814864757674,0,0,0,28,78,358,23,12,2,1,448,46,57,3,0,57,0,0,56,245,533,111,311,331,332,43,1,0,0,21,22,"63"
6307,2941,8728,2470,2249,0,1958,0,584,0,6.89158546301403,0,4,1,478,528,820,33,514,153,197,1632,128,368,41,19,181,13,0,637,308,339,0,741,681,767,141,10,4,0,10,83,"63"
6308,1020,4375,1447,1344,0,1222,0,272,0,7.24528301886792,1,0,0,117,526,231,13,249,4,2,1117,44,358,6,2,258,1,0,573,182,131,8,673,424,723,119,2,0,0,11,76,"63"
6309,463,1701,596,558,0,310,0,270,0,3.07658377901527,0,0,0,72,79,171,8,173,2,11,226,13,75,1,0,41,0,0,114,76,205,0,366,185,240,4,0,0,0,0,18,"63"
