"amphur_ID","poor.household.CNT","poor.JPT.CNT","poor.JPT.MOFreg.CNT","poor.JPT.MOFval.CNT","poor.JPT.MOFval.health","poor.JPT.MOFval.living","poor.JPT.MOFval.education","poor.JPT.MOFval.income","poor.JPT.MOFval.accessibility","JPT.MOFval.pov.rate","poor.JPT.MOFval.ind1.CNT","poor.JPT.MOFval.ind2.CNT","poor.JPT.MOFval.ind3.CNT","poor.JPT.MOFval.ind4.CNT","poor.JPT.MOFval.ind5.CNT","poor.JPT.MOFval.ind6.CNT","poor.JPT.MOFval.ind7.CNT","poor.JPT.MOFval.ind8.CNT","poor.JPT.MOFval.ind9.CNT","poor.JPT.MOFval.ind10.CNT","poor.JPT.MOFval.ind11.CNT","poor.JPT.MOFval.ind12.CNT","poor.JPT.MOFval.ind13.CNT","poor.JPT.MOFval.ind14.CNT","poor.JPT.MOFval.ind15.CNT","poor.JPT.MOFval.ind16.CNT","poor.JPT.MOFval.ind17.CNT","poor.JPT.MOFval.ind18.CNT","poor.JPT.MOFval.ind19.CNT","poor.JPT.MOFval.ind20.CNT","poor.JPT.MOFval.ind21.CNT","poor.JPT.MOFval.ind22.CNT","poor.JPT.MOFval.ind23.CNT","poor.JPT.MOFval.ind24.CNT","poor.JPT.MOFval.ind25.CNT","poor.JPT.MOFval.ind26.CNT","poor.JPT.MOFval.ind27.CNT","poor.JPT.MOFval.ind28.CNT","poor.JPT.MOFval.ind29.CNT","poor.JPT.MOFval.ind30.CNT","poor.JPT.MOFval.ind31.CNT","province_ID"
6401,1488,4428,1570,1235,286,261,0,808,3,2.10023298131048,0,0,0,119,157,20,90,13,0,2,253,44,43,1,1,1,2,0,18,102,536,227,158,293,280,149,2,1,0,14,68,"64"
6402,995,3160,1111,973,554,545,0,310,19,3.33321914288651,0,0,0,119,494,8,20,20,19,21,520,89,45,2,0,0,3,0,20,82,231,20,77,353,387,69,14,5,1,29,107,"64"
6403,2721,8384,3075,2322,396,1329,0,992,9,5.80906634644251,5,0,0,61,234,72,129,36,10,22,1303,43,106,1,0,114,6,0,118,309,713,68,215,855,932,44,5,4,0,9,114,"64"
6404,1486,4480,1823,1335,251,218,0,1062,4,2.97161936560935,0,0,1,46,127,31,98,30,3,0,192,3,53,6,0,2,0,0,48,199,712,264,151,345,295,71,4,0,0,29,17,"64"
6405,2978,7606,2783,2147,798,492,0,1240,5,3.65018106394192,0,0,2,625,196,68,76,17,19,22,461,63,113,3,2,73,2,0,56,194,1008,104,367,856,640,26,3,2,0,8,8,"64"
6406,6533,18646,6642,5251,3611,1660,0,1367,9,10.8433486143807,11,8,0,3067,1050,2233,208,37,49,156,1566,197,470,6,12,204,4,0,139,336,984,210,582,2155,2209,480,5,4,0,50,216,"64"
6407,1306,3790,1546,1140,190,295,0,786,6,2.13167785485892,4,0,0,28,127,80,39,44,85,90,171,30,22,0,0,0,0,0,41,179,587,87,97,355,348,23,3,3,0,11,37,"64"
6408,146,411,193,148,0,0,0,148,0,0.822130874347295,0,0,0,0,0,0,0,0,0,0,0,0,0,0,0,0,0,0,0,14,53,93,7,23,28,0,0,0,0,0,0,"64"
6409,958,2447,1402,1071,290,155,0,798,3,4.10927368299889,0,0,0,97,91,80,139,11,5,3,143,0,32,2,0,22,0,0,27,150,634,74,88,348,391,14,1,2,2,1,45,"64"
