"amphur_ID","poor.household.CNT","poor.JPT.CNT","poor.JPT.MOFreg.CNT","poor.JPT.MOFval.CNT","poor.JPT.MOFval.health","poor.JPT.MOFval.living","poor.JPT.MOFval.education","poor.JPT.MOFval.income","poor.JPT.MOFval.accessibility","JPT.MOFval.pov.rate","poor.JPT.MOFval.ind1.CNT","poor.JPT.MOFval.ind2.CNT","poor.JPT.MOFval.ind3.CNT","poor.JPT.MOFval.ind4.CNT","poor.JPT.MOFval.ind5.CNT","poor.JPT.MOFval.ind6.CNT","poor.JPT.MOFval.ind7.CNT","poor.JPT.MOFval.ind8.CNT","poor.JPT.MOFval.ind9.CNT","poor.JPT.MOFval.ind10.CNT","poor.JPT.MOFval.ind11.CNT","poor.JPT.MOFval.ind12.CNT","poor.JPT.MOFval.ind13.CNT","poor.JPT.MOFval.ind14.CNT","poor.JPT.MOFval.ind15.CNT","poor.JPT.MOFval.ind16.CNT","poor.JPT.MOFval.ind17.CNT","poor.JPT.MOFval.ind18.CNT","poor.JPT.MOFval.ind19.CNT","poor.JPT.MOFval.ind20.CNT","poor.JPT.MOFval.ind21.CNT","poor.JPT.MOFval.ind22.CNT","poor.JPT.MOFval.ind23.CNT","poor.JPT.MOFval.ind24.CNT","poor.JPT.MOFval.ind25.CNT","poor.JPT.MOFval.ind26.CNT","poor.JPT.MOFval.ind27.CNT","poor.JPT.MOFval.ind28.CNT","poor.JPT.MOFval.ind29.CNT","poor.JPT.MOFval.ind30.CNT","poor.JPT.MOFval.ind31.CNT","province_ID"
6301,4129,14346,4513,3518,0,2489,1495,0,0,5.34439279312126,0,2,0,173,821,1501,67,766,692,781,1434,102,278,35,6,1151,10,0,359,291,370,207,1292,1421,1163,310,7,1,2,56,352,"63"
6302,550,2507,813,601,0,16,590,0,0,1.96849104189185,0,0,0,5,1,80,0,3,0,0,13,0,3,0,0,507,0,0,90,28,45,5,147,154,139,6,0,0,0,3,3,"63"
6303,928,3213,885,738,0,396,382,0,0,3.34057577403585,0,0,0,24,111,54,7,28,7,3,379,0,37,1,0,325,3,0,61,44,73,0,416,238,293,7,0,0,0,1,58,"63"
6304,643,2689,609,579,0,0,579,0,0,1.76266439357038,0,0,0,0,0,0,0,0,0,0,0,0,2,0,0,374,3,0,225,12,15,1,336,35,22,0,0,0,0,0,0,"63"
6305,4647,15808,5702,5468,0,1822,4899,0,0,14.9366258741259,0,0,0,1696,928,1545,192,166,772,14,1662,8,1025,6,0,1485,5,0,3932,56,74,12,2078,2352,2633,16,0,5,0,3,17,"63"
6306,1773,6737,1433,1209,0,453,784,0,0,1.59831839454271,0,0,0,25,70,286,6,12,2,1,448,35,19,2,0,613,0,0,183,60,54,11,163,319,297,6,1,0,0,6,24,"63"
6307,4071,14000,3661,3376,0,1958,2064,0,0,10.3450389164675,0,5,1,525,561,1221,46,514,153,197,1632,138,380,44,23,613,13,0,1629,236,234,0,1256,946,1135,199,10,4,0,11,90,"63"
6308,1777,7604,2429,2269,0,1222,1712,0,0,12.2318059299191,1,0,3,127,561,243,16,249,4,2,1117,46,373,6,5,795,2,0,1100,168,102,3,1048,680,1137,118,2,0,0,19,90,"63"
6309,519,2189,625,579,0,310,379,0,0,3.19236919005348,0,0,0,72,79,169,6,173,2,11,226,13,77,1,0,224,0,0,175,30,24,0,291,153,179,2,0,0,0,0,17,"63"
