"amphur_ID","poor.household.CNT","poor.JPT.CNT","poor.JPT.MOFreg.CNT","poor.JPT.MOFval.CNT","poor.JPT.MOFval.health","poor.JPT.MOFval.living","poor.JPT.MOFval.education","poor.JPT.MOFval.income","poor.JPT.MOFval.accessibility","JPT.MOFval.pov.rate","poor.JPT.MOFval.ind1.CNT","poor.JPT.MOFval.ind2.CNT","poor.JPT.MOFval.ind3.CNT","poor.JPT.MOFval.ind4.CNT","poor.JPT.MOFval.ind5.CNT","poor.JPT.MOFval.ind6.CNT","poor.JPT.MOFval.ind7.CNT","poor.JPT.MOFval.ind8.CNT","poor.JPT.MOFval.ind9.CNT","poor.JPT.MOFval.ind10.CNT","poor.JPT.MOFval.ind11.CNT","poor.JPT.MOFval.ind12.CNT","poor.JPT.MOFval.ind13.CNT","poor.JPT.MOFval.ind14.CNT","poor.JPT.MOFval.ind15.CNT","poor.JPT.MOFval.ind16.CNT","poor.JPT.MOFval.ind17.CNT","poor.JPT.MOFval.ind18.CNT","poor.JPT.MOFval.ind19.CNT","poor.JPT.MOFval.ind20.CNT","poor.JPT.MOFval.ind21.CNT","poor.JPT.MOFval.ind22.CNT","poor.JPT.MOFval.ind23.CNT","poor.JPT.MOFval.ind24.CNT","poor.JPT.MOFval.ind25.CNT","poor.JPT.MOFval.ind26.CNT","poor.JPT.MOFval.ind27.CNT","poor.JPT.MOFval.ind28.CNT","poor.JPT.MOFval.ind29.CNT","poor.JPT.MOFval.ind30.CNT","poor.JPT.MOFval.ind31.CNT","province_ID"
6501,2555,9250,2066,1656,645,0,1028,0,16,1.18788017904281,0,1,0,19,72,268,563,4,0,0,82,25,49,6,7,883,7,0,142,142,236,144,384,382,350,83,14,2,1,90,118,"65"
6502,1697,5906,2143,1746,701,0,1079,0,2,3.27948910593539,0,0,0,164,432,232,213,16,48,16,354,11,113,5,0,832,12,0,266,111,160,42,224,586,580,114,1,1,0,1,4,"65"
6503,371,1417,602,531,180,0,359,0,2,1.77455469037195,0,0,0,104,60,308,32,1,1,0,37,4,68,0,0,191,11,0,164,13,57,19,22,243,238,1,0,2,0,4,1,"65"
6504,2566,7410,2390,1914,1648,0,303,0,10,2.81926646045073,0,2,1,848,486,249,404,6,1,1,272,32,49,1,2,20,16,0,265,154,330,33,290,668,711,93,9,1,0,10,31,"65"
6505,1038,3046,1165,841,546,0,326,0,10,2.81600535744182,0,4,0,229,227,511,155,16,14,14,184,62,121,0,2,147,9,0,172,103,184,9,223,307,287,90,9,1,0,30,90,"65"
6506,965,2942,865,643,464,0,206,0,5,1.06550449898089,3,7,0,30,205,332,258,8,0,0,107,11,49,0,1,95,7,0,108,46,63,10,47,205,208,78,5,0,0,14,6,"65"
6507,185,484,211,144,128,0,14,0,2,0.560049782202863,0,0,0,119,2,44,8,0,0,0,1,2,0,0,0,2,2,0,10,3,2,1,0,27,26,4,0,2,0,0,0,"65"
6508,2001,6887,2303,1891,780,0,1134,0,57,2.68749200574165,3,2,0,198,458,337,279,39,59,58,459,96,86,6,20,736,15,0,385,170,246,43,322,604,614,258,15,42,0,74,63,"65"
6509,1642,4585,1969,1754,1262,0,572,0,13,5.45313228664698,0,13,0,725,659,1222,284,496,4,4,989,270,256,2,5,325,5,3,244,101,319,16,233,659,639,83,4,9,0,15,347,"65"
