"amphur_ID","poor.household.CNT","poor.JPT.CNT","poor.JPT.MOFreg.CNT","poor.JPT.MOFval.CNT","poor.JPT.MOFval.health","poor.JPT.MOFval.living","poor.JPT.MOFval.education","poor.JPT.MOFval.income","poor.JPT.MOFval.accessibility","JPT.MOFval.pov.rate","poor.JPT.MOFval.ind1.CNT","poor.JPT.MOFval.ind2.CNT","poor.JPT.MOFval.ind3.CNT","poor.JPT.MOFval.ind4.CNT","poor.JPT.MOFval.ind5.CNT","poor.JPT.MOFval.ind6.CNT","poor.JPT.MOFval.ind7.CNT","poor.JPT.MOFval.ind8.CNT","poor.JPT.MOFval.ind9.CNT","poor.JPT.MOFval.ind10.CNT","poor.JPT.MOFval.ind11.CNT","poor.JPT.MOFval.ind12.CNT","poor.JPT.MOFval.ind13.CNT","poor.JPT.MOFval.ind14.CNT","poor.JPT.MOFval.ind15.CNT","poor.JPT.MOFval.ind16.CNT","poor.JPT.MOFval.ind17.CNT","poor.JPT.MOFval.ind18.CNT","poor.JPT.MOFval.ind19.CNT","poor.JPT.MOFval.ind20.CNT","poor.JPT.MOFval.ind21.CNT","poor.JPT.MOFval.ind22.CNT","poor.JPT.MOFval.ind23.CNT","poor.JPT.MOFval.ind24.CNT","poor.JPT.MOFval.ind25.CNT","poor.JPT.MOFval.ind26.CNT","poor.JPT.MOFval.ind27.CNT","poor.JPT.MOFval.ind28.CNT","poor.JPT.MOFval.ind29.CNT","poor.JPT.MOFval.ind30.CNT","poor.JPT.MOFval.ind31.CNT","province_ID"
6301,4137,13013,4078,3323,1505,0,0,2284,0,5.04815726308753,2,4,2,250,1150,1075,279,564,64,92,897,61,280,34,5,280,3,0,247,861,1246,737,1566,1248,1109,297,28,8,18,129,369,"63"
6302,939,2865,1378,963,90,0,0,917,0,3.15417117028594,1,1,1,11,31,202,47,2,0,0,9,0,3,0,0,49,0,0,19,231,737,21,137,282,279,12,0,0,0,4,8,"63"
6303,520,1523,494,386,183,0,0,256,0,1.74723881948217,0,0,0,25,154,36,30,21,3,2,148,0,31,0,0,15,2,0,15,82,192,1,177,151,194,3,0,0,0,1,32,"63"
6304,382,1154,375,292,10,0,0,283,0,0.888943010228933,0,0,0,2,3,7,5,0,0,0,0,0,0,0,0,16,0,0,4,30,247,19,108,42,48,0,0,0,0,0,1,"63"
6305,1984,5907,2465,2335,2263,0,0,216,0,6.37838723776224,0,0,0,1730,935,1494,492,158,719,5,1496,7,966,5,0,273,5,0,1332,68,150,15,307,1471,1520,11,0,5,0,2,13,"63"
6306,1560,4312,1128,941,184,0,0,799,0,1.24401787366807,1,0,0,57,117,183,42,6,1,0,93,38,53,3,0,40,0,0,55,245,533,111,287,297,304,39,1,0,0,19,23,"63"
6307,2407,7011,1848,1690,1290,0,0,584,0,5.17864803579089,2,3,0,712,716,704,61,277,85,115,840,112,263,17,5,127,10,0,484,308,339,0,541,550,577,121,8,4,0,6,73,"63"
6308,717,3126,961,893,691,0,0,272,0,4.81401617250674,1,0,0,135,610,79,19,137,0,0,630,40,239,4,0,183,1,0,352,182,131,8,374,322,460,24,1,0,0,13,66,"63"
6309,401,1291,476,434,191,0,0,270,0,2.39289849478966,0,0,0,113,94,115,38,63,2,2,90,5,33,1,0,21,0,0,52,76,205,0,268,165,195,4,0,0,0,0,6,"63"
