"amphur_ID","poor.household.CNT","poor.JPT.CNT","poor.JPT.MOFreg.CNT","poor.JPT.MOFval.CNT","poor.JPT.MOFval.health","poor.JPT.MOFval.living","poor.JPT.MOFval.education","poor.JPT.MOFval.income","poor.JPT.MOFval.accessibility","JPT.MOFval.pov.rate","poor.JPT.MOFval.ind1.CNT","poor.JPT.MOFval.ind2.CNT","poor.JPT.MOFval.ind3.CNT","poor.JPT.MOFval.ind4.CNT","poor.JPT.MOFval.ind5.CNT","poor.JPT.MOFval.ind6.CNT","poor.JPT.MOFval.ind7.CNT","poor.JPT.MOFval.ind8.CNT","poor.JPT.MOFval.ind9.CNT","poor.JPT.MOFval.ind10.CNT","poor.JPT.MOFval.ind11.CNT","poor.JPT.MOFval.ind12.CNT","poor.JPT.MOFval.ind13.CNT","poor.JPT.MOFval.ind14.CNT","poor.JPT.MOFval.ind15.CNT","poor.JPT.MOFval.ind16.CNT","poor.JPT.MOFval.ind17.CNT","poor.JPT.MOFval.ind18.CNT","poor.JPT.MOFval.ind19.CNT","poor.JPT.MOFval.ind20.CNT","poor.JPT.MOFval.ind21.CNT","poor.JPT.MOFval.ind22.CNT","poor.JPT.MOFval.ind23.CNT","poor.JPT.MOFval.ind24.CNT","poor.JPT.MOFval.ind25.CNT","poor.JPT.MOFval.ind26.CNT","poor.JPT.MOFval.ind27.CNT","poor.JPT.MOFval.ind28.CNT","poor.JPT.MOFval.ind29.CNT","poor.JPT.MOFval.ind30.CNT","poor.JPT.MOFval.ind31.CNT","province_ID"
6401,1406,4440,1578,1267,286,0,236,808,0,2.15465197353877,0,0,0,119,157,18,90,7,0,2,77,25,23,0,1,104,6,0,131,102,536,227,162,286,306,140,0,0,0,14,40,"64"
6402,910,2876,987,862,554,0,63,310,0,2.95296495495187,0,0,0,119,494,6,20,15,6,7,392,83,44,2,0,16,6,0,41,82,231,20,69,298,328,69,14,0,1,28,51,"64"
6403,2161,7417,2628,2026,396,0,856,992,0,5.06854798358851,5,0,0,61,234,59,129,12,5,13,400,30,31,1,0,585,7,0,279,309,713,68,206,725,800,47,1,3,0,4,53,"64"
6404,1358,4111,1743,1280,251,0,105,1062,0,2.84919309961046,0,0,1,46,127,31,98,18,0,0,95,2,43,6,1,12,6,0,86,199,712,264,148,324,286,67,4,0,0,27,19,"64"
6405,3524,10259,3576,2806,798,0,1065,1240,0,4.77056733368469,0,0,1,625,196,56,76,6,9,10,209,56,90,7,2,903,9,0,166,194,1008,104,442,1177,817,25,2,0,0,5,7,"64"
6406,6065,17634,6205,4917,3611,0,657,1367,0,10.1536364762731,11,8,0,3067,1050,2169,208,22,16,29,1002,184,305,6,16,425,11,0,216,336,984,210,561,1993,2051,468,0,4,0,53,208,"64"
6407,1067,3178,1325,988,190,0,115,786,0,1.84745414087773,4,4,0,28,127,72,39,23,0,2,52,28,18,0,0,21,7,0,87,179,587,87,81,321,310,22,0,0,0,11,19,"64"
6408,146,411,193,148,0,0,0,148,0,0.822130874347295,0,0,0,0,0,0,0,0,0,0,0,0,0,0,0,0,0,0,0,14,53,93,7,23,28,0,0,0,0,0,0,"64"
6409,1047,2906,1576,1214,290,0,245,798,0,4.65794421210145,0,0,0,97,91,109,139,4,2,2,100,0,32,2,0,190,3,0,54,150,634,74,97,405,445,12,0,2,2,1,39,"64"
