"amphur_ID","poor.household.CNT","poor.JPT.CNT","poor.JPT.MOFreg.CNT","poor.JPT.MOFval.CNT","poor.JPT.MOFval.health","poor.JPT.MOFval.living","poor.JPT.MOFval.education","poor.JPT.MOFval.income","poor.JPT.MOFval.accessibility","JPT.MOFval.pov.rate","poor.JPT.MOFval.ind1.CNT","poor.JPT.MOFval.ind2.CNT","poor.JPT.MOFval.ind3.CNT","poor.JPT.MOFval.ind4.CNT","poor.JPT.MOFval.ind5.CNT","poor.JPT.MOFval.ind6.CNT","poor.JPT.MOFval.ind7.CNT","poor.JPT.MOFval.ind8.CNT","poor.JPT.MOFval.ind9.CNT","poor.JPT.MOFval.ind10.CNT","poor.JPT.MOFval.ind11.CNT","poor.JPT.MOFval.ind12.CNT","poor.JPT.MOFval.ind13.CNT","poor.JPT.MOFval.ind14.CNT","poor.JPT.MOFval.ind15.CNT","poor.JPT.MOFval.ind16.CNT","poor.JPT.MOFval.ind17.CNT","poor.JPT.MOFval.ind18.CNT","poor.JPT.MOFval.ind19.CNT","poor.JPT.MOFval.ind20.CNT","poor.JPT.MOFval.ind21.CNT","poor.JPT.MOFval.ind22.CNT","poor.JPT.MOFval.ind23.CNT","poor.JPT.MOFval.ind24.CNT","poor.JPT.MOFval.ind25.CNT","poor.JPT.MOFval.ind26.CNT","poor.JPT.MOFval.ind27.CNT","poor.JPT.MOFval.ind28.CNT","poor.JPT.MOFval.ind29.CNT","poor.JPT.MOFval.ind30.CNT","poor.JPT.MOFval.ind31.CNT","province_ID"
6501,4857,17863,4603,3633,0,0,1028,2804,16,2.60601974061747,0,3,0,9,48,594,189,8,0,1,141,38,80,10,7,883,7,0,142,645,1668,815,1103,827,780,201,14,2,2,157,345,"65"
6502,2175,7322,2882,2267,0,0,1079,1339,2,4.25807663410969,0,0,0,42,68,271,73,12,29,17,140,7,65,2,0,832,12,0,266,372,860,216,277,666,684,98,1,1,0,1,3,"65"
6503,699,2589,1120,957,0,0,359,628,2,3.19820873575511,0,0,0,27,14,523,18,2,1,1,35,10,29,0,0,191,11,0,164,70,429,193,63,410,359,3,0,2,0,5,1,"65"
6504,2432,8019,2711,2141,0,0,303,1960,10,3.15363087347179,0,0,1,209,74,279,118,4,0,0,290,42,26,1,2,20,16,0,265,552,1444,183,425,742,815,109,9,1,0,15,38,"65"
6505,1863,5708,2247,1590,0,0,326,1357,10,5.32395781014566,0,5,2,59,82,1033,83,27,39,39,244,82,102,0,2,147,9,0,172,393,1042,27,378,453,501,82,9,1,0,36,95,"65"
6506,1182,3720,1223,900,0,0,206,726,5,1.49137488193282,3,3,0,9,68,281,39,5,0,0,67,17,54,2,1,95,7,0,108,252,491,46,74,247,281,74,5,0,0,8,11,"65"
6507,148,391,187,148,0,0,14,137,2,0.575606720597386,0,0,0,0,0,59,1,0,0,0,0,2,0,0,0,2,2,0,10,17,106,22,0,43,52,0,0,2,0,0,0,"65"
6508,2631,9163,3265,2633,0,0,1134,1667,57,3.74202350667254,0,2,0,44,120,423,117,47,11,10,451,206,124,3,20,736,15,0,385,475,1002,348,575,796,873,220,15,42,3,93,60,"65"
6509,1291,4304,1758,1524,0,0,572,1023,13,4.7380693300171,0,1,0,204,193,797,167,374,6,6,362,94,84,1,5,325,5,3,244,388,660,86,318,516,490,78,4,9,0,16,116,"65"
