"amphur_ID","poor.household.CNT","poor.JPT.CNT","poor.JPT.MOFreg.CNT","poor.JPT.MOFval.CNT","poor.JPT.MOFval.health","poor.JPT.MOFval.living","poor.JPT.MOFval.education","poor.JPT.MOFval.income","poor.JPT.MOFval.accessibility","JPT.MOFval.pov.rate","poor.JPT.MOFval.ind1.CNT","poor.JPT.MOFval.ind2.CNT","poor.JPT.MOFval.ind3.CNT","poor.JPT.MOFval.ind4.CNT","poor.JPT.MOFval.ind5.CNT","poor.JPT.MOFval.ind6.CNT","poor.JPT.MOFval.ind7.CNT","poor.JPT.MOFval.ind8.CNT","poor.JPT.MOFval.ind9.CNT","poor.JPT.MOFval.ind10.CNT","poor.JPT.MOFval.ind11.CNT","poor.JPT.MOFval.ind12.CNT","poor.JPT.MOFval.ind13.CNT","poor.JPT.MOFval.ind14.CNT","poor.JPT.MOFval.ind15.CNT","poor.JPT.MOFval.ind16.CNT","poor.JPT.MOFval.ind17.CNT","poor.JPT.MOFval.ind18.CNT","poor.JPT.MOFval.ind19.CNT","poor.JPT.MOFval.ind20.CNT","poor.JPT.MOFval.ind21.CNT","poor.JPT.MOFval.ind22.CNT","poor.JPT.MOFval.ind23.CNT","poor.JPT.MOFval.ind24.CNT","poor.JPT.MOFval.ind25.CNT","poor.JPT.MOFval.ind26.CNT","poor.JPT.MOFval.ind27.CNT","poor.JPT.MOFval.ind28.CNT","poor.JPT.MOFval.ind29.CNT","poor.JPT.MOFval.ind30.CNT","poor.JPT.MOFval.ind31.CNT","province_ID"
6401,1485,4424,1569,1234,286,261,0,808,0,2.09853238780334,0,0,0,119,157,20,90,13,0,2,253,44,43,1,1,1,2,0,18,102,536,227,158,293,280,149,2,0,0,14,68,"64"
6402,993,3153,1106,968,554,545,0,310,0,3.31609057586242,0,0,0,119,494,8,20,20,19,21,520,89,45,2,0,0,3,0,20,82,231,20,77,353,387,69,14,0,1,29,107,"64"
6403,2719,8379,3073,2320,396,1329,0,992,0,5.80406284399079,5,0,0,61,234,72,129,36,10,22,1303,43,106,1,0,114,6,0,118,309,713,68,214,855,930,44,4,3,0,9,113,"64"
6404,1482,4471,1819,1335,251,218,0,1062,0,2.97161936560935,0,0,1,46,127,31,98,30,3,0,192,3,53,6,0,2,0,0,48,199,712,264,151,345,295,71,4,0,0,29,17,"64"
6405,2975,7598,2778,2143,798,492,0,1240,0,3.6433805403016,0,0,2,625,196,68,76,17,19,22,461,63,113,3,2,72,2,0,55,194,1008,104,367,853,639,24,1,0,0,8,8,"64"
6406,6528,18631,6637,5247,3611,1660,0,1367,0,10.8350885887746,11,8,0,3067,1050,2233,208,37,49,156,1566,197,470,6,12,204,4,0,139,336,984,210,579,2154,2208,479,1,4,0,50,216,"64"
6407,1301,3778,1537,1134,190,295,0,786,0,2.12045849772808,4,0,0,28,127,80,39,44,85,90,171,30,22,0,0,0,0,0,41,179,587,87,97,355,348,23,0,0,0,11,37,"64"
6408,146,411,193,148,0,0,0,148,0,0.822130874347295,0,0,0,0,0,0,0,0,0,0,0,0,0,0,0,0,0,0,0,14,53,93,7,23,28,0,0,0,0,0,0,"64"
6409,957,2446,1401,1070,290,155,0,798,0,4.10543682615202,0,0,0,97,91,80,139,11,5,3,143,0,32,2,0,22,0,0,27,150,634,74,88,348,391,14,0,2,2,1,45,"64"
