"amphur_ID","poor.household.CNT","poor.JPT.CNT","poor.JPT.MOFreg.CNT","poor.JPT.MOFval.CNT","poor.JPT.MOFval.health","poor.JPT.MOFval.living","poor.JPT.MOFval.education","poor.JPT.MOFval.income","poor.JPT.MOFval.accessibility","JPT.MOFval.pov.rate","poor.JPT.MOFval.ind1.CNT","poor.JPT.MOFval.ind2.CNT","poor.JPT.MOFval.ind3.CNT","poor.JPT.MOFval.ind4.CNT","poor.JPT.MOFval.ind5.CNT","poor.JPT.MOFval.ind6.CNT","poor.JPT.MOFval.ind7.CNT","poor.JPT.MOFval.ind8.CNT","poor.JPT.MOFval.ind9.CNT","poor.JPT.MOFval.ind10.CNT","poor.JPT.MOFval.ind11.CNT","poor.JPT.MOFval.ind12.CNT","poor.JPT.MOFval.ind13.CNT","poor.JPT.MOFval.ind14.CNT","poor.JPT.MOFval.ind15.CNT","poor.JPT.MOFval.ind16.CNT","poor.JPT.MOFval.ind17.CNT","poor.JPT.MOFval.ind18.CNT","poor.JPT.MOFval.ind19.CNT","poor.JPT.MOFval.ind20.CNT","poor.JPT.MOFval.ind21.CNT","poor.JPT.MOFval.ind22.CNT","poor.JPT.MOFval.ind23.CNT","poor.JPT.MOFval.ind24.CNT","poor.JPT.MOFval.ind25.CNT","poor.JPT.MOFval.ind26.CNT","poor.JPT.MOFval.ind27.CNT","poor.JPT.MOFval.ind28.CNT","poor.JPT.MOFval.ind29.CNT","poor.JPT.MOFval.ind30.CNT","poor.JPT.MOFval.ind31.CNT","province_ID"
6501,1952,5465,1284,1029,645,421,0,0,16,0.738121198209572,0,3,0,19,72,295,563,19,1,3,403,28,126,1,0,41,3,0,21,88,217,95,230,286,259,70,14,2,1,87,75,"65"
6502,1470,3950,1555,1229,701,826,0,0,2,2.3084147257701,0,1,0,164,432,122,213,78,75,54,729,23,142,6,0,69,3,0,51,53,111,41,250,491,494,109,1,1,0,3,4,"65"
6503,235,717,347,308,180,146,0,0,2,1.02930855863383,0,0,0,104,60,222,32,10,3,1,140,2,77,0,0,19,3,0,9,9,46,20,18,155,157,1,0,2,0,0,0,"65"
6504,3808,11194,3423,2723,1648,1308,0,0,10,4.01089998527029,0,2,1,848,486,316,404,18,2,1,1292,52,62,1,1,4,6,0,69,128,448,41,427,856,952,78,9,1,0,17,68,"65"
6505,1621,4579,1761,1226,546,816,0,0,10,4.10513979574753,0,5,0,229,227,785,155,65,81,87,710,192,175,0,0,27,3,0,65,125,285,13,316,455,388,87,9,1,0,36,157,"65"
6506,1103,3136,883,652,464,282,0,0,5,1.08041824780022,3,7,0,30,205,356,258,20,7,0,267,29,72,1,0,14,4,0,31,38,68,11,45,212,189,95,5,0,0,17,9,"65"
6507,183,476,205,137,128,8,0,0,2,0.532825140012446,0,0,0,119,2,40,8,1,0,0,7,2,0,0,0,0,0,0,0,0,0,1,0,24,23,4,0,2,0,0,0,"65"
6508,3237,9186,3419,2694,780,2222,0,0,57,3.82871679718034,3,7,0,198,458,455,279,255,126,126,1993,176,232,13,7,84,6,0,106,147,338,59,661,803,884,308,15,42,1,135,99,"65"
6509,5141,12542,5617,4848,1262,4596,0,0,13,15.0722835380072,0,21,0,725,659,2735,284,2967,15,12,2201,341,311,7,2,71,2,3,109,149,367,65,1124,1758,1512,136,4,9,0,29,373,"65"
