"amphur_ID","poor.household.CNT","poor.JPT.CNT","poor.JPT.MOFreg.CNT","poor.JPT.MOFval.CNT","poor.JPT.MOFval.health","poor.JPT.MOFval.living","poor.JPT.MOFval.education","poor.JPT.MOFval.income","poor.JPT.MOFval.accessibility","JPT.MOFval.pov.rate","poor.JPT.MOFval.ind1.CNT","poor.JPT.MOFval.ind2.CNT","poor.JPT.MOFval.ind3.CNT","poor.JPT.MOFval.ind4.CNT","poor.JPT.MOFval.ind5.CNT","poor.JPT.MOFval.ind6.CNT","poor.JPT.MOFval.ind7.CNT","poor.JPT.MOFval.ind8.CNT","poor.JPT.MOFval.ind9.CNT","poor.JPT.MOFval.ind10.CNT","poor.JPT.MOFval.ind11.CNT","poor.JPT.MOFval.ind12.CNT","poor.JPT.MOFval.ind13.CNT","poor.JPT.MOFval.ind14.CNT","poor.JPT.MOFval.ind15.CNT","poor.JPT.MOFval.ind16.CNT","poor.JPT.MOFval.ind17.CNT","poor.JPT.MOFval.ind18.CNT","poor.JPT.MOFval.ind19.CNT","poor.JPT.MOFval.ind20.CNT","poor.JPT.MOFval.ind21.CNT","poor.JPT.MOFval.ind22.CNT","poor.JPT.MOFval.ind23.CNT","poor.JPT.MOFval.ind24.CNT","poor.JPT.MOFval.ind25.CNT","poor.JPT.MOFval.ind26.CNT","poor.JPT.MOFval.ind27.CNT","poor.JPT.MOFval.ind28.CNT","poor.JPT.MOFval.ind29.CNT","poor.JPT.MOFval.ind30.CNT","poor.JPT.MOFval.ind31.CNT","province_ID"
6501,4590,14976,4088,3226,645,0,0,2804,0,2.31407092849765,0,3,0,19,72,551,563,7,0,1,146,41,70,8,3,144,5,0,69,645,1668,815,1034,683,657,194,7,0,2,145,299,"65"
6502,2043,5738,2521,1913,701,0,0,1339,0,3.5931630353118,0,0,0,164,432,228,213,13,44,7,329,5,88,4,0,88,2,0,87,372,860,216,300,576,622,93,1,1,0,1,3,"65"
6503,562,1883,892,757,180,0,0,628,0,2.52982655482405,0,0,0,104,60,496,32,1,2,1,34,8,63,0,0,19,0,0,21,70,429,193,56,330,304,3,0,0,0,1,0,"65"
6504,4125,12638,4092,3264,1648,0,0,1960,0,4.80777728678745,0,2,0,848,486,393,404,4,1,1,444,57,58,1,2,11,4,0,134,552,1444,183,551,1105,1191,131,5,0,0,14,57,"65"
6505,2163,6251,2472,1723,546,0,0,1357,0,5.76929516156035,0,7,2,229,227,1069,155,27,34,34,310,90,161,0,1,39,3,0,80,393,1042,27,422,513,529,106,3,0,0,44,133,"65"
6506,1671,4834,1541,1110,464,0,0,726,0,1.83936235438381,3,7,0,30,205,424,258,11,0,0,122,22,82,2,0,14,4,0,48,252,491,46,93,307,328,81,0,0,0,18,14,"65"
6507,312,817,368,264,128,0,0,137,0,1.02675793403858,0,0,0,119,2,85,8,0,0,0,1,0,0,0,0,0,2,0,3,17,106,22,0,65,62,4,0,0,0,0,0,"65"
6508,2477,7520,2816,2243,780,0,0,1667,0,3.18775492801614,3,1,0,198,458,446,279,50,59,57,587,201,156,8,7,85,6,0,150,475,1002,348,549,717,789,284,10,9,3,91,59,"65"
6509,1856,5115,2228,1944,1262,0,0,1023,0,6.04383646821079,0,13,0,725,659,1338,284,599,7,7,1004,291,275,2,1,37,2,3,101,388,660,86,311,650,608,57,0,9,0,18,351,"65"
