"amphur_ID","poor.household.CNT","poor.JPT.CNT","poor.JPT.MOFreg.CNT","poor.JPT.MOFval.CNT","poor.JPT.MOFval.health","poor.JPT.MOFval.living","poor.JPT.MOFval.education","poor.JPT.MOFval.income","poor.JPT.MOFval.accessibility","JPT.MOFval.pov.rate","poor.JPT.MOFval.ind1.CNT","poor.JPT.MOFval.ind2.CNT","poor.JPT.MOFval.ind3.CNT","poor.JPT.MOFval.ind4.CNT","poor.JPT.MOFval.ind5.CNT","poor.JPT.MOFval.ind6.CNT","poor.JPT.MOFval.ind7.CNT","poor.JPT.MOFval.ind8.CNT","poor.JPT.MOFval.ind9.CNT","poor.JPT.MOFval.ind10.CNT","poor.JPT.MOFval.ind11.CNT","poor.JPT.MOFval.ind12.CNT","poor.JPT.MOFval.ind13.CNT","poor.JPT.MOFval.ind14.CNT","poor.JPT.MOFval.ind15.CNT","poor.JPT.MOFval.ind16.CNT","poor.JPT.MOFval.ind17.CNT","poor.JPT.MOFval.ind18.CNT","poor.JPT.MOFval.ind19.CNT","poor.JPT.MOFval.ind20.CNT","poor.JPT.MOFval.ind21.CNT","poor.JPT.MOFval.ind22.CNT","poor.JPT.MOFval.ind23.CNT","poor.JPT.MOFval.ind24.CNT","poor.JPT.MOFval.ind25.CNT","poor.JPT.MOFval.ind26.CNT","poor.JPT.MOFval.ind27.CNT","poor.JPT.MOFval.ind28.CNT","poor.JPT.MOFval.ind29.CNT","poor.JPT.MOFval.ind30.CNT","poor.JPT.MOFval.ind31.CNT","province_ID"
6501,2045,8189,1788,1425,0,421,1028,0,16,1.02217950189372,0,2,0,5,37,337,40,19,1,3,403,29,131,7,7,883,7,0,142,110,175,117,301,448,381,69,14,2,1,92,128,"65"
6502,1861,6301,2228,1821,0,826,1079,0,2,3.42036063110443,0,1,0,111,263,209,25,78,75,54,729,23,144,7,0,832,12,0,266,110,125,28,271,704,666,132,1,1,0,3,2,"65"
6503,360,1415,551,488,0,146,359,0,2,1.63085252147178,0,0,0,7,20,227,5,10,3,1,140,4,30,0,0,191,11,0,164,10,22,27,22,225,199,0,0,2,0,4,1,"65"
6504,2156,6723,1983,1568,0,1308,303,0,10,2.30961850051554,0,2,1,112,164,250,40,18,2,1,1292,49,54,1,2,20,16,0,265,159,255,38,295,511,596,74,9,1,0,16,69,"65"
6505,1288,4083,1526,1085,0,816,326,0,10,3.63301523522518,0,3,0,65,110,742,28,65,81,87,710,190,143,0,2,147,9,0,172,129,225,6,254,404,344,62,9,1,0,26,122,"65"
6506,636,2061,592,466,0,282,206,0,5,0.772200772200772,3,3,0,24,90,238,17,20,7,0,267,28,63,1,1,95,7,0,108,39,44,6,22,161,145,101,5,0,0,14,9,"65"
6507,22,66,29,24,0,8,14,0,2,0.0933416303671437,0,0,0,1,0,17,1,1,0,0,7,2,0,0,0,2,2,0,10,3,2,0,0,3,13,0,0,2,0,0,0,"65"
6508,3598,11450,4060,3243,0,2222,1134,0,57,4.60895641175049,1,7,0,148,280,468,91,255,126,126,1993,188,231,10,20,736,15,0,385,209,339,71,713,942,1049,326,15,42,1,130,103,"65"
6509,5203,13134,5799,5008,0,4596,572,0,13,15.5697186382714,0,21,0,683,613,2736,120,2967,15,12,2201,337,306,7,5,325,5,0,244,167,337,67,1165,1841,1616,138,4,9,0,26,361,"65"
