"amphur_ID","poor.household.CNT","poor.JPT.CNT","poor.JPT.MOFreg.CNT","poor.JPT.MOFval.CNT","poor.JPT.MOFval.health","poor.JPT.MOFval.living","poor.JPT.MOFval.education","poor.JPT.MOFval.income","poor.JPT.MOFval.accessibility","JPT.MOFval.pov.rate","poor.JPT.MOFval.ind1.CNT","poor.JPT.MOFval.ind2.CNT","poor.JPT.MOFval.ind3.CNT","poor.JPT.MOFval.ind4.CNT","poor.JPT.MOFval.ind5.CNT","poor.JPT.MOFval.ind6.CNT","poor.JPT.MOFval.ind7.CNT","poor.JPT.MOFval.ind8.CNT","poor.JPT.MOFval.ind9.CNT","poor.JPT.MOFval.ind10.CNT","poor.JPT.MOFval.ind11.CNT","poor.JPT.MOFval.ind12.CNT","poor.JPT.MOFval.ind13.CNT","poor.JPT.MOFval.ind14.CNT","poor.JPT.MOFval.ind15.CNT","poor.JPT.MOFval.ind16.CNT","poor.JPT.MOFval.ind17.CNT","poor.JPT.MOFval.ind18.CNT","poor.JPT.MOFval.ind19.CNT","poor.JPT.MOFval.ind20.CNT","poor.JPT.MOFval.ind21.CNT","poor.JPT.MOFval.ind22.CNT","poor.JPT.MOFval.ind23.CNT","poor.JPT.MOFval.ind24.CNT","poor.JPT.MOFval.ind25.CNT","poor.JPT.MOFval.ind26.CNT","poor.JPT.MOFval.ind27.CNT","poor.JPT.MOFval.ind28.CNT","poor.JPT.MOFval.ind29.CNT","poor.JPT.MOFval.ind30.CNT","poor.JPT.MOFval.ind31.CNT","province_ID"
6401,1403,4412,1565,1252,0,261,236,808,3,2.12914307093176,0,0,0,43,41,18,27,13,0,2,253,34,40,1,1,104,6,0,131,102,536,227,170,279,302,85,2,1,0,14,62,"64"
6402,918,2990,1009,875,0,545,63,310,19,2.99749922921448,0,0,0,81,381,8,9,20,19,21,520,70,42,2,0,16,6,0,41,82,231,20,76,317,352,50,14,5,1,25,105,"64"
6403,3071,10197,3591,2755,0,1329,856,992,9,6.89232462723907,3,0,0,26,150,78,48,36,10,22,1303,48,105,1,0,585,7,0,279,309,713,68,231,1034,1149,47,5,4,0,9,117,"64"
6404,1399,4270,1765,1299,0,218,105,1062,4,2.8914858096828,0,0,1,36,66,35,73,30,3,0,192,3,50,6,1,12,6,0,86,199,712,264,142,334,289,71,4,0,0,28,14,"64"
6405,2963,8980,3359,2637,0,492,1065,1240,5,4.48324520988116,0,0,2,268,96,39,47,17,19,22,461,62,104,8,2,903,9,0,166,194,1008,104,398,1141,795,27,3,2,0,8,4,"64"
6406,3837,11545,4119,3258,0,1660,657,1367,9,6.72779085615165,9,8,0,1085,522,1295,129,37,49,156,1566,124,406,2,16,425,11,0,216,336,984,210,441,1297,1324,334,5,4,0,38,99,"64"
6407,1238,3692,1495,1114,0,295,115,786,6,2.08306064062529,2,4,0,17,56,76,21,44,85,90,171,30,19,0,0,21,7,0,87,179,587,87,95,360,352,20,3,3,0,10,35,"64"
6408,146,411,193,148,0,0,0,148,0,0.822130874347295,0,0,0,0,0,0,0,0,0,0,0,0,0,0,0,0,0,0,0,14,53,93,7,23,28,0,0,0,0,0,0,"64"
6409,978,2784,1469,1128,0,155,245,798,3,4.32797452327054,0,0,0,49,75,67,50,11,5,3,143,0,28,2,0,190,3,0,54,150,634,74,91,377,429,14,1,2,2,1,38,"64"
