"amphur_ID","poor.household.CNT","poor.JPT.CNT","poor.JPT.MOFreg.CNT","poor.JPT.MOFval.CNT","poor.JPT.MOFval.health","poor.JPT.MOFval.living","poor.JPT.MOFval.education","poor.JPT.MOFval.income","poor.JPT.MOFval.accessibility","JPT.MOFval.pov.rate","poor.JPT.MOFval.ind1.CNT","poor.JPT.MOFval.ind2.CNT","poor.JPT.MOFval.ind3.CNT","poor.JPT.MOFval.ind4.CNT","poor.JPT.MOFval.ind5.CNT","poor.JPT.MOFval.ind6.CNT","poor.JPT.MOFval.ind7.CNT","poor.JPT.MOFval.ind8.CNT","poor.JPT.MOFval.ind9.CNT","poor.JPT.MOFval.ind10.CNT","poor.JPT.MOFval.ind11.CNT","poor.JPT.MOFval.ind12.CNT","poor.JPT.MOFval.ind13.CNT","poor.JPT.MOFval.ind14.CNT","poor.JPT.MOFval.ind15.CNT","poor.JPT.MOFval.ind16.CNT","poor.JPT.MOFval.ind17.CNT","poor.JPT.MOFval.ind18.CNT","poor.JPT.MOFval.ind19.CNT","poor.JPT.MOFval.ind20.CNT","poor.JPT.MOFval.ind21.CNT","poor.JPT.MOFval.ind22.CNT","poor.JPT.MOFval.ind23.CNT","poor.JPT.MOFval.ind24.CNT","poor.JPT.MOFval.ind25.CNT","poor.JPT.MOFval.ind26.CNT","poor.JPT.MOFval.ind27.CNT","poor.JPT.MOFval.ind28.CNT","poor.JPT.MOFval.ind29.CNT","poor.JPT.MOFval.ind30.CNT","poor.JPT.MOFval.ind31.CNT","province_ID"
6301,3080,11090,3326,2721,1505,0,1495,0,42,4.13362501139367,2,4,2,250,1150,802,279,599,73,94,808,52,228,33,6,1151,10,0,359,303,388,197,1252,1042,865,226,35,9,10,54,262,"63"
6302,654,2722,917,678,90,0,590,0,0,2.22069372113589,1,1,1,11,31,101,47,0,0,0,9,0,3,0,0,507,0,0,90,33,75,10,175,166,148,5,0,0,0,4,6,"63"
6303,609,2267,679,560,183,0,382,0,0,2.53485424588086,0,0,0,25,154,35,30,16,4,1,144,0,22,0,0,325,3,0,61,26,65,0,277,162,211,7,0,0,0,0,33,"63"
6304,651,2713,621,589,10,0,579,0,0,1.79310764734535,0,0,0,2,3,2,5,0,0,0,0,0,2,0,0,374,3,0,225,13,15,1,340,39,25,0,0,0,0,0,0,"63"
6305,4950,16714,6022,5755,2263,0,4899,0,5,15.7206075174825,0,0,0,1730,935,1604,492,163,760,12,1619,8,1017,6,0,1485,5,0,3932,63,133,12,2198,2438,2718,16,0,5,0,3,16,"63"
6306,1441,5754,1136,964,184,0,784,0,8,1.27442426165358,1,0,0,57,117,126,42,5,0,0,95,28,17,1,0,613,0,0,183,65,68,13,152,301,280,7,3,5,0,4,26,"63"
6307,3665,12705,3192,2962,1290,0,2064,0,15,9.07642336213765,2,5,0,712,716,1164,61,351,106,138,1014,125,314,25,23,613,13,0,1629,211,203,0,1093,843,998,178,11,4,0,6,90,"63"
6308,1627,7021,2210,2073,691,0,1712,0,2,11.1752021563342,1,0,3,135,610,204,19,209,4,0,887,44,332,4,5,795,2,0,1100,160,92,1,906,641,1030,94,2,0,0,19,83,"63"
6309,498,2017,578,526,191,0,379,0,0,2.90014886695705,0,0,0,113,94,152,38,120,2,2,131,5,55,1,0,224,0,0,175,29,25,0,255,145,151,2,0,0,0,0,9,"63"
