"amphur_ID","poor.household.CNT","poor.JPT.CNT","poor.JPT.MOFreg.CNT","poor.JPT.MOFval.CNT","poor.JPT.MOFval.health","poor.JPT.MOFval.living","poor.JPT.MOFval.education","poor.JPT.MOFval.income","poor.JPT.MOFval.accessibility","JPT.MOFval.pov.rate","poor.JPT.MOFval.ind1.CNT","poor.JPT.MOFval.ind2.CNT","poor.JPT.MOFval.ind3.CNT","poor.JPT.MOFval.ind4.CNT","poor.JPT.MOFval.ind5.CNT","poor.JPT.MOFval.ind6.CNT","poor.JPT.MOFval.ind7.CNT","poor.JPT.MOFval.ind8.CNT","poor.JPT.MOFval.ind9.CNT","poor.JPT.MOFval.ind10.CNT","poor.JPT.MOFval.ind11.CNT","poor.JPT.MOFval.ind12.CNT","poor.JPT.MOFval.ind13.CNT","poor.JPT.MOFval.ind14.CNT","poor.JPT.MOFval.ind15.CNT","poor.JPT.MOFval.ind16.CNT","poor.JPT.MOFval.ind17.CNT","poor.JPT.MOFval.ind18.CNT","poor.JPT.MOFval.ind19.CNT","poor.JPT.MOFval.ind20.CNT","poor.JPT.MOFval.ind21.CNT","poor.JPT.MOFval.ind22.CNT","poor.JPT.MOFval.ind23.CNT","poor.JPT.MOFval.ind24.CNT","poor.JPT.MOFval.ind25.CNT","poor.JPT.MOFval.ind26.CNT","poor.JPT.MOFval.ind27.CNT","poor.JPT.MOFval.ind28.CNT","poor.JPT.MOFval.ind29.CNT","poor.JPT.MOFval.ind30.CNT","poor.JPT.MOFval.ind31.CNT","province_ID"
6501,4846,17827,4595,3626,0,0,1028,2804,0,2.60099850797659,0,3,0,9,48,594,189,8,0,1,141,38,80,10,7,883,7,0,142,645,1668,815,1103,824,777,198,9,0,2,157,343,"65"
6502,2173,7312,2881,2267,0,0,1079,1339,0,4.25807663410969,0,0,0,42,68,271,73,12,29,17,140,7,65,2,0,832,12,0,266,372,860,216,277,666,684,98,1,1,0,1,3,"65"
6503,697,2582,1118,955,0,0,359,628,0,3.19152491394579,0,0,0,27,14,523,18,2,1,1,35,10,29,0,0,191,11,0,164,70,429,193,63,408,359,3,0,0,0,5,1,"65"
6504,2426,8000,2705,2136,0,0,303,1960,0,3.14626601855943,0,0,0,209,74,279,118,4,0,0,290,42,26,1,2,20,16,0,265,552,1444,183,425,741,811,106,5,0,0,14,38,"65"
6505,1856,5691,2240,1583,0,0,326,1357,0,5.30051900217646,0,5,2,59,82,1028,83,27,39,39,244,82,102,0,2,147,9,0,172,393,1042,27,372,452,495,81,3,0,0,36,94,"65"
6506,1173,3696,1216,895,0,0,206,726,0,1.48308946592208,3,3,0,9,68,280,39,5,0,0,67,17,54,2,1,95,7,0,108,252,491,46,74,247,281,70,0,0,0,8,11,"65"
6507,147,389,185,146,0,0,14,137,0,0.567828251400124,0,0,0,0,0,59,1,0,0,0,0,0,0,0,0,2,2,0,10,17,106,22,0,43,50,0,0,0,0,0,0,"65"
6508,2597,9066,3217,2595,0,0,1134,1667,0,3.68801785029064,0,2,0,44,118,423,116,47,11,10,449,206,123,3,20,736,15,0,385,475,1002,348,574,788,866,220,10,9,3,93,59,"65"
6509,1285,4279,1746,1514,0,0,572,1023,0,4.70697963625058,0,1,0,200,188,787,167,371,6,6,356,94,84,1,5,325,5,3,244,388,660,86,318,510,484,78,0,3,0,16,111,"65"
