"amphur_ID","poor.household.CNT","poor.JPT.CNT","poor.JPT.MOFreg.CNT","poor.JPT.MOFval.CNT","poor.JPT.MOFval.health","poor.JPT.MOFval.living","poor.JPT.MOFval.education","poor.JPT.MOFval.income","poor.JPT.MOFval.accessibility","JPT.MOFval.pov.rate","poor.JPT.MOFval.ind1.CNT","poor.JPT.MOFval.ind2.CNT","poor.JPT.MOFval.ind3.CNT","poor.JPT.MOFval.ind4.CNT","poor.JPT.MOFval.ind5.CNT","poor.JPT.MOFval.ind6.CNT","poor.JPT.MOFval.ind7.CNT","poor.JPT.MOFval.ind8.CNT","poor.JPT.MOFval.ind9.CNT","poor.JPT.MOFval.ind10.CNT","poor.JPT.MOFval.ind11.CNT","poor.JPT.MOFval.ind12.CNT","poor.JPT.MOFval.ind13.CNT","poor.JPT.MOFval.ind14.CNT","poor.JPT.MOFval.ind15.CNT","poor.JPT.MOFval.ind16.CNT","poor.JPT.MOFval.ind17.CNT","poor.JPT.MOFval.ind18.CNT","poor.JPT.MOFval.ind19.CNT","poor.JPT.MOFval.ind20.CNT","poor.JPT.MOFval.ind21.CNT","poor.JPT.MOFval.ind22.CNT","poor.JPT.MOFval.ind23.CNT","poor.JPT.MOFval.ind24.CNT","poor.JPT.MOFval.ind25.CNT","poor.JPT.MOFval.ind26.CNT","poor.JPT.MOFval.ind27.CNT","poor.JPT.MOFval.ind28.CNT","poor.JPT.MOFval.ind29.CNT","poor.JPT.MOFval.ind30.CNT","poor.JPT.MOFval.ind31.CNT","province_ID"
6501,2028,8139,1775,1413,0,421,1028,0,0,1.01357167450935,0,2,0,5,37,335,40,19,1,3,403,29,131,7,7,883,7,0,142,110,170,117,299,442,376,66,4,0,1,90,126,"65"
6502,1856,6290,2226,1820,0,826,1079,0,0,3.41848234410218,0,1,0,111,263,209,24,78,75,54,729,23,144,7,0,832,12,0,266,109,125,28,270,704,666,132,1,0,0,2,2,"65"
6503,358,1408,549,486,0,146,359,0,0,1.62416869966247,0,0,0,7,20,227,5,10,3,1,140,4,30,0,0,191,11,0,164,10,22,27,22,223,199,0,0,0,0,4,1,"65"
6504,2149,6701,1975,1561,0,1308,303,0,0,2.29930770363824,0,2,0,112,164,250,40,18,2,1,1292,49,54,1,2,20,16,0,265,157,253,38,295,510,592,71,3,0,0,15,69,"65"
6505,1279,4062,1516,1075,0,816,326,0,0,3.59953122384062,0,3,0,65,110,734,28,65,81,87,710,190,143,0,2,147,9,0,172,129,222,6,248,403,338,61,0,0,0,26,121,"65"
6506,630,2043,585,461,0,282,206,0,0,0.763915356190034,3,3,0,24,90,237,17,20,7,0,267,28,63,1,1,95,7,0,108,39,44,6,22,161,145,97,0,0,0,14,9,"65"
6507,20,63,27,22,0,8,14,0,0,0.0855631611698818,0,0,0,1,0,17,1,1,0,0,7,0,0,0,0,2,2,0,10,3,2,0,0,3,11,0,0,0,0,0,0,"65"
6508,3562,11345,4008,3201,0,2222,1134,0,0,4.54926594943365,1,7,0,148,278,468,90,255,126,126,1993,188,230,10,20,736,15,0,385,205,333,71,710,936,1042,322,10,5,1,130,102,"65"
6509,5201,13126,5796,5006,0,4596,572,0,0,15.5635006995181,0,21,0,683,613,2734,119,2967,15,12,2201,337,306,7,5,325,5,0,244,166,337,67,1165,1840,1615,138,3,8,0,26,361,"65"
