"amphur_ID","poor.household.CNT","poor.JPT.CNT","poor.JPT.MOFreg.CNT","poor.JPT.MOFval.CNT","poor.JPT.MOFval.health","poor.JPT.MOFval.living","poor.JPT.MOFval.education","poor.JPT.MOFval.income","poor.JPT.MOFval.accessibility","JPT.MOFval.pov.rate","poor.JPT.MOFval.ind1.CNT","poor.JPT.MOFval.ind2.CNT","poor.JPT.MOFval.ind3.CNT","poor.JPT.MOFval.ind4.CNT","poor.JPT.MOFval.ind5.CNT","poor.JPT.MOFval.ind6.CNT","poor.JPT.MOFval.ind7.CNT","poor.JPT.MOFval.ind8.CNT","poor.JPT.MOFval.ind9.CNT","poor.JPT.MOFval.ind10.CNT","poor.JPT.MOFval.ind11.CNT","poor.JPT.MOFval.ind12.CNT","poor.JPT.MOFval.ind13.CNT","poor.JPT.MOFval.ind14.CNT","poor.JPT.MOFval.ind15.CNT","poor.JPT.MOFval.ind16.CNT","poor.JPT.MOFval.ind17.CNT","poor.JPT.MOFval.ind18.CNT","poor.JPT.MOFval.ind19.CNT","poor.JPT.MOFval.ind20.CNT","poor.JPT.MOFval.ind21.CNT","poor.JPT.MOFval.ind22.CNT","poor.JPT.MOFval.ind23.CNT","poor.JPT.MOFval.ind24.CNT","poor.JPT.MOFval.ind25.CNT","poor.JPT.MOFval.ind26.CNT","poor.JPT.MOFval.ind27.CNT","poor.JPT.MOFval.ind28.CNT","poor.JPT.MOFval.ind29.CNT","poor.JPT.MOFval.ind30.CNT","poor.JPT.MOFval.ind31.CNT","province_ID"
6501,4602,15016,4098,3235,645,0,0,2804,16,2.32052679903592,0,3,0,19,72,551,563,7,0,1,146,41,70,8,3,146,5,0,69,645,1668,815,1034,686,660,197,14,2,2,145,301,"65"
6502,2045,5748,2522,1913,701,0,0,1339,2,3.5931630353118,0,0,0,164,432,228,213,13,44,7,329,5,88,4,0,88,2,0,87,372,860,216,300,576,622,93,1,1,0,1,3,"65"
6503,564,1890,894,759,180,0,0,628,2,2.53651037663336,0,0,0,104,60,496,32,1,2,1,34,8,63,0,0,19,0,0,21,70,429,193,56,332,304,3,0,2,0,1,0,"65"
6504,4131,12657,4098,3269,1648,0,0,1960,10,4.81514214169981,0,2,1,848,486,393,404,4,1,1,444,57,58,1,2,11,4,0,134,552,1444,183,551,1106,1195,134,9,1,0,15,57,"65"
6505,2170,6268,2479,1730,546,0,0,1357,10,5.79273396952955,0,7,2,229,227,1074,155,27,34,34,310,90,161,0,1,39,3,0,80,393,1042,27,428,514,535,107,9,1,0,44,134,"65"
6506,1679,4856,1548,1115,464,0,0,726,5,1.84764777039455,3,7,0,30,205,425,258,11,0,0,122,22,82,2,0,14,4,0,48,252,491,46,93,307,328,85,5,0,0,18,14,"65"
6507,313,819,370,266,128,0,0,137,2,1.03453640323584,0,0,0,119,2,85,8,0,0,0,1,2,0,0,0,0,2,0,3,17,106,22,0,65,64,4,0,2,0,0,0,"65"
6508,2511,7622,2863,2281,780,0,0,1667,57,3.24176058439805,3,1,0,198,458,446,279,50,59,57,589,201,156,8,7,88,6,0,150,475,1002,348,549,722,794,284,15,42,3,91,59,"65"
6509,1859,5130,2233,1948,1262,0,0,1023,13,6.05627234571739,0,13,0,725,659,1342,284,602,7,7,1004,291,275,2,1,37,2,3,101,388,660,86,311,653,611,57,4,9,0,18,351,"65"
